pa_pokemon,pa_ability1,pa_ability2,pa_hidden_ability
Bulbasaur,Overgrow,,Chlorophyll
Ivysaur,Overgrow,,Chlorophyll
Venusaur,Overgrow,,Chlorophyll
"Venusaur
Mega Venusaur",Thick Fat,,
Charmander,Blaze,,Solar Power
Charmeleon,Blaze,,Solar Power
Charizard,Blaze,,Solar Power
"Charizard
Mega Charizard X",Tough Claws,,
"Charizard
Mega Charizard Y",Drought,,
Squirtle,Torrent,,Rain Dish
Wartortle,Torrent,,Rain Dish
Blastoise,Torrent,,Rain Dish
"Blastoise
Mega Blastoise",Mega Launcher,,
Caterpie,Shield Dust,,Run Away
Metapod,Shed Skin,,
Butterfree,Compound Eyes,,Tinted Lens
Weedle,Shield Dust,,Run Away
Kakuna,Shed Skin,,
Beedrill,Swarm,,Sniper
"Beedrill
Mega Beedrill",Adaptability,,
Pidgey,Keen Eye,Tangled Feet,Big Pecks
Pidgeotto,Keen Eye,Tangled Feet,Big Pecks
Pidgeot,Keen Eye,Tangled Feet,Big Pecks
"Pidgeot
Mega Pidgeot",No Guard,,
Rattata,Run Away,Guts,Hustle
"Rattata
Alolan Rattata",Gluttony,Hustle,Thick Fat
Raticate,Run Away,Guts,Hustle
"Raticate
Alolan Raticate",Gluttony,Hustle,Thick Fat
Spearow,Keen Eye,,Sniper
Fearow,Keen Eye,,Sniper
Ekans,Intimidate,Shed Skin,Unnerve
Arbok,Intimidate,Shed Skin,Unnerve
Pichu,Static,,Lightning Rod
"Pichu
Spiky-eared Pichu",Static,,
Pikachu,Static,,Lightning Rod
"Pikachu
Cosplay Pikachu",Lightning Rod,,
"Pikachu
Pikachu in a cap",Static,,
Raichu,Static,,Lightning Rod
"Raichu
Alolan Raichu",Surge Surfer,,
Sandshrew,Sand Veil,,Sand Rush
"Sandshrew
Alolan Sandshrew",Snow Cloak,,Slush Rush
Sandslash,Sand Veil,,Sand Rush
"Sandslash
Alolan Sandslash",Snow Cloak,,Slush Rush
Nidoran♀,Poison Point,Rivalry,Hustle
Nidorina,Poison Point,Rivalry,Hustle
Nidoqueen,Poison Point,Rivalry,Sheer Force
Nidoran♂,Poison Point,Rivalry,Hustle
Nidorino,Poison Point,Rivalry,Hustle
Nidoking,Poison Point,Rivalry,Sheer Force
Cleffa,Cute Charm,Magic Guard,Friend Guard
Clefairy,Cute Charm,Magic Guard,Friend Guard
Clefable,Cute Charm,Magic Guard,Unaware
Vulpix,Flash Fire,,Drought
"Vulpix
Alolan Vulpix",Snow Cloak,,Snow Warning
Ninetales,Flash Fire,,Drought
"Ninetales
Alolan Ninetales",Snow Cloak,,Snow Warning
Igglybuff,Cute Charm,Competitive,Friend Guard
Jigglypuff,Cute Charm,Competitive,Friend Guard
Wigglytuff,Cute Charm,Competitive,Frisk
Zubat,Inner Focus,,Infiltrator
Golbat,Inner Focus,,Infiltrator
Crobat,Inner Focus,,Infiltrator
Oddish,Chlorophyll,,Run Away
Gloom,Chlorophyll,,Stench
Vileplume,Chlorophyll,,Effect Spore
Bellossom,Chlorophyll,,Healer
Paras,Effect Spore,Dry Skin,Damp
Parasect,Effect Spore,Dry Skin,Damp
Venonat,Compound Eyes,Tinted Lens,Run Away
Venomoth,Shield Dust,Tinted Lens,Wonder Skin
Diglett,Sand Veil,Arena Trap,Sand Force
"Diglett
Alolan Diglett",Sand Veil,Tangling Hair,Sand Force
Dugtrio,Sand Veil,Arena Trap,Sand Force
"Dugtrio
Alolan Dugtrio",Sand Veil,Tangling Hair,Sand Force
Meowth,Pickup,Technician,Unnerve
"Meowth
Alolan Meowth",Pickup,Technician,Rattled
"Meowth
Galarian Meowth",Pickup,Tough Claws,Unnerve
Persian,Limber,Technician,Unnerve
"Persian
Alolan Persian",Fur Coat,Technician,Rattled
Perrserker,Battle Armor,Tough Claws,Steely Spirit
Psyduck,Damp,Cloud Nine,Swift Swim
Golduck,Damp,Cloud Nine,Swift Swim
Mankey,Vital Spirit,Anger Point,Defiant
Primeape,Vital Spirit,Anger Point,Defiant
Annihilape,Vital Spirit,Inner Focus,Defiant
Growlithe,Intimidate,Flash Fire,Justified
"Growlithe*
Hisuian Growlithe",Intimidate,Flash Fire,
Arcanine,Intimidate,Flash Fire,Justified
"Arcanine*
Hisuian Arcanine",Intimidate,Flash Fire,
Poliwag,Water Absorb,Damp,Swift Swim
Poliwhirl,Water Absorb,Damp,Swift Swim
Poliwrath,Water Absorb,Damp,Swift Swim
Politoed,Water Absorb,Damp,Drizzle
Abra,Synchronize,Inner Focus,Magic Guard
Kadabra,Synchronize,Inner Focus,Magic Guard
Alakazam,Synchronize,Inner Focus,Magic Guard
"Alakazam
Mega Alakazam",Trace,,
Machop,Guts,No Guard,Steadfast
Machoke,Guts,No Guard,Steadfast
Machamp,Guts,No Guard,Steadfast
Bellsprout,Chlorophyll,,Gluttony
Weepinbell,Chlorophyll,,Gluttony
Victreebel,Chlorophyll,,Gluttony
Tentacool,Clear Body,Liquid Ooze,Rain Dish
Tentacruel,Clear Body,Liquid Ooze,Rain Dish
Geodude,Rock Head,Sturdy,Sand Veil
"Geodude
Alolan Geodude",Magnet Pull,Sturdy,Galvanize
Graveler,Rock Head,Sturdy,Sand Veil
"Graveler
Alolan Graveler",Magnet Pull,Sturdy,Galvanize
Golem,Rock Head,Sturdy,Sand Veil
"Golem
Alolan Golem",Magnet Pull,Sturdy,Galvanize
Ponyta,Run Away,Flash Fire,Flame Body
"Ponyta
Galarian Ponyta",Run Away,Pastel Veil,Anticipation
Rapidash,Run Away,Flash Fire,Flame Body
"Rapidash
Galarian Rapidash",Run Away,Pastel Veil,Anticipation
Slowpoke,Oblivious,Own Tempo,Regenerator
"Slowpoke
Galarian Slowpoke",Gluttony,Own Tempo,Regenerator
Slowbro,Oblivious,Own Tempo,Regenerator
"Slowbro
Mega Slowbro",Shell Armor,,
"Slowbro
Galarian Slowbro",Quick Draw,Own Tempo,Regenerator
Slowking,Oblivious,Own Tempo,Regenerator
"Slowking
Galarian Slowking",Curious Medicine,Own Tempo,Regenerator
Magnemite,Magnet Pull,Sturdy,Analytic
Magneton,Magnet Pull,Sturdy,Analytic
Magnezone,Magnet Pull,Sturdy,Analytic
Farfetch'd,Keen Eye,Inner Focus,Defiant
"Farfetch'd
Galarian Farfetch'd",Steadfast,,Scrappy
Sirfetch'd,Steadfast,,Scrappy
Doduo,Run Away,Early Bird,Tangled Feet
Dodrio,Run Away,Early Bird,Tangled Feet
Seel,Thick Fat,Hydration,Ice Body
Dewgong,Thick Fat,Hydration,Ice Body
Grimer,Stench,Sticky Hold,Poison Touch
"Grimer
Alolan Grimer",Poison Touch,Gluttony,Power of Alchemy
Muk,Stench,Sticky Hold,Poison Touch
"Muk
Alolan Muk",Poison Touch,Gluttony,Power of Alchemy
Shellder,Shell Armor,Skill Link,Overcoat
Cloyster,Shell Armor,Skill Link,Overcoat
Gastly,Levitate,,
Haunter,Levitate,,
Gengar*,Cursed Body,,
"Gengar
Mega Gengar",Shadow Tag,,
Onix,Rock Head,Sturdy,Weak Armor
Steelix,Rock Head,Sturdy,Sheer Force
"Steelix
Mega Steelix",Sand Force,,
Drowzee,Insomnia,Forewarn,Inner Focus
Hypno,Insomnia,ForewarnGen,Inner Focus
Krabby,Hyper Cutter,Shell Armor,Sheer Force
Kingler,Hyper Cutter,Shell Armor,Sheer Force
Voltorb,Soundproof,Static,Aftermath
"Voltorb
Hisuian Voltorb",Soundproof,Static,Aftermath
Electrode,Soundproof,Static,Aftermath
"Electrode
Hisuian Electrode",Soundproof,Static,Aftermath
Exeggcute,Chlorophyll,,Harvest
Exeggutor,Chlorophyll,,Harvest
"Exeggutor
Alolan Exeggutor",Frisk,,Harvest
Cubone,Rock Head,Lightning Rod,Battle Armor
Marowak,Rock Head,Lightning Rod,Battle Armor
"Marowak
Alolan Marowak",Cursed Body,Lightning Rod,Rock Head
Tyrogue,Guts,Steadfast,Vital Spirit
Hitmonlee,Limber,Reckless,Unburden
Hitmonchan,Keen Eye,Iron Fist,Inner Focus
Hitmontop,Intimidate,Technician,Steadfast
Lickitung,Own Tempo,Oblivious,Cloud Nine
Lickilicky,Own Tempo,Oblivious,Cloud Nine
Koffing,Levitate,,
Weezing,Levitate,,
"Weezing
Galarian Weezing",Levitate,Neutralizing Gas,Misty Surge
Rhyhorn,Lightning Rod,Rock Head,Reckless
Rhydon,Lightning Rod,Rock Head,Reckless
Rhyperior,Lightning Rod,Solid Rock,Reckless
Happiny,Natural Cure,Serene Grace,Friend Guard
Chansey,Natural Cure,Serene Grace,Healer
Blissey,Natural Cure,Serene Grace,Healer
Tangela,Chlorophyll,Leaf Guard,Regenerator
Tangrowth,Chlorophyll,Leaf Guard,Regenerator
Kangaskhan,Early Bird,Scrappy,Inner Focus
"Kangaskhan
Mega Kangaskhan",Parental Bond,,
Horsea,Swift Swim,Sniper,Damp
Seadra,Poison Point,Sniper,Damp
Kingdra,Swift Swim,Sniper,Damp
Goldeen,Swift Swim,Water Veil,Lightning Rod
Seaking,Swift Swim,Water Veil,Lightning Rod
Staryu,Illuminate,Natural Cure,Analytic
Starmie,Illuminate,Natural Cure,Analytic
Mime Jr.,Soundproof,Filter,Technician
Mr. Mime,Soundproof,Filter,Technician
"Mr. Mime
Galarian Mr. Mime",Vital Spirit,Screen Cleaner,Ice Body
Mr. Rime,Tangled Feet,Screen Cleaner,Ice Body
Scyther,Swarm,Technician,Steadfast
Scizor,Swarm,Technician,Light Metal
"Scizor
Mega Scizor",Technician,,
Kleavor*,Swarm,Sheer Force,
Smoochum,Oblivious,Forewarn,Hydration
Jynx,Oblivious,Forewarn,Dry Skin
Elekid,Static,,Vital Spirit
Electabuzz,Static,,Vital Spirit
Electivire,Motor Drive,,Vital Spirit
Magby,Flame Body,,Vital Spirit
Magmar,Flame Body,,Vital Spirit
Magmortar,Flame Body,,Vital Spirit
Pinsir,Hyper Cutter,Mold Breaker,Moxie
"Pinsir
Mega Pinsir",Aerilate,,
Tauros,Intimidate,Anger Point,Sheer Force
"Tauros
Paldean Tauros
(Combat Breed)",Intimidate,Anger Point,Cud Chew
"Tauros
Paldean Tauros
(Blaze Breed)",Intimidate,Anger Point,Cud Chew
"Tauros
Paldean Tauros
(Aqua Breed)",Intimidate,Anger Point,Cud Chew
Magikarp,Swift Swim,,Rattled
Gyarados,Intimidate,,Moxie
"Gyarados
Mega Gyarados",Mold Breaker,,
Lapras,Water Absorb,Shell Armor,Hydration
Ditto,Limber,,Imposter
Eevee,Run Away,Adaptability,Anticipation
Vaporeon,Water Absorb,,Hydration
Jolteon,Volt Absorb,,Quick Feet
Flareon,Flash Fire,,Guts
Espeon,Synchronize,,Magic Bounce
Umbreon,Synchronize,,Inner Focus
Leafeon,Leaf Guard,,Chlorophyll
Glaceon,Snow Cloak,,Ice Body
Sylveon,Cute Charm,,Pixilate
Porygon,Trace,Download,Analytic
Porygon2,Trace,Download,Analytic
Porygon-Z,Adaptability,Download,Analytic
Omanyte,Swift Swim,Shell Armor,Weak Armor
Omastar,Swift Swim,Shell Armor,Weak Armor
Kabuto,Swift Swim,Battle Armor,Weak Armor
Kabutops,Swift Swim,Battle Armor,Weak Armor
Aerodactyl,Rock Head,Pressure,Unnerve
"Aerodactyl
Mega Aerodactyl",Tough Claws,,
Munchlax,Pickup,Thick Fat,Gluttony
Snorlax,Immunity,Thick Fat,Gluttony
Articuno,Pressure,,Snow Cloak
"Articuno
Galarian Articuno",Competitive,,
Zapdos*,Pressure,,Static
"Zapdos
Galarian Zapdos",Defiant,,
Moltres,Pressure,,Flame Body
"Moltres
Galarian Moltres",Berserk,,
Dratini,Shed Skin,,Marvel Scale
Dragonair,Shed Skin,,Marvel Scale
Dragonite,Inner Focus,,Multiscale
Mewtwo,Pressure,,Unnerve
"Mewtwo
Mega Mewtwo X",Steadfast,,
"Mewtwo
Mega Mewtwo Y",Insomnia,,
Mew,Synchronize,,
Chikorita,Overgrow,,Leaf Guard
Bayleef,Overgrow,,Leaf Guard
Meganium,Overgrow,,Leaf Guard
Cyndaquil,Blaze,,Flash Fire
Quilava,Blaze,,Flash Fire
Typhlosion,Blaze,,Flash Fire
"Typhlosion*
Hisuian Typhlosion",Blaze,,
Totodile,Torrent,,Sheer Force
Croconaw,Torrent,,Sheer Force
Feraligatr,Torrent,,Sheer Force
Sentret,Run Away,Keen Eye,Frisk
Furret,Run Away,Keen Eye,Frisk
Hoothoot,Insomnia,Keen Eye,Tinted Lens
Noctowl,Insomnia,Keen Eye,Tinted Lens
Ledyba,Swarm,Early Bird,Rattled
Ledian,Swarm,Early Bird,Iron Fist
Spinarak,Swarm,Insomnia,Sniper
Ariados,Swarm,Insomnia,Sniper
Chinchou,Volt Absorb,Illuminate,Water Absorb
Lanturn,Volt Absorb,Illuminate,Water Absorb
Togepi,Hustle,Serene Grace,Super Luck
Togetic,Hustle,Serene Grace,Super Luck
Togekiss,Hustle,Serene Grace,Super Luck
Natu,Synchronize,Early Bird,Magic Bounce
Xatu,Synchronize,Early Bird,Magic Bounce
Mareep,Static,,Plus
Flaaffy,Static,,Plus
Ampharos,Static,,Plus
"Ampharos
Mega Ampharos",Mold Breaker,,
Azurill,Thick Fat,Huge Power,Sap Sipper
Marill,Thick Fat,Huge Power,Sap Sipper
Azumarill,Thick Fat,Huge Power,Sap Sipper
Bonsly,Sturdy,Rock Head,Rattled
Sudowoodo,Sturdy,Rock Head,Rattled
Hoppip,Chlorophyll,Leaf GuardGen IV+,Infiltrator
Skiploom,Chlorophyll,Leaf GuardGen IV+,Infiltrator
Jumpluff,Chlorophyll,Leaf GuardGen IV+,Infiltrator
Aipom,Run Away,Pickup,Skill Link
Ambipom,Technician,Pickup,Skill Link
Sunkern,Chlorophyll,Solar Power,Early Bird
Sunflora,Chlorophyll,Solar Power,Early Bird
Yanma,Speed Boost,Compound Eyes,Frisk
Yanmega,Speed Boost,Tinted Lens,Frisk
Wooper,Damp,Water Absorb,Unaware
"Wooper
Paldean Wooper",Poison Point,Water Absorb,Unaware
Quagsire,Damp,Water Absorb,Unaware
Clodsire,Poison Point,Water Absorb,Unaware
Murkrow,Insomnia,Super Luck,Prankster
Honchkrow,Insomnia,Super Luck,Moxie
Misdreavus,Levitate,,
Mismagius,Levitate,,
Unown,Levitate,,
Wynaut,Shadow Tag,,Telepathy
Wobbuffet,Shadow Tag,,Telepathy
Girafarig,Inner Focus,Early Bird,Sap Sipper
Farigiraf,Cud Chew,Armor Tail,Sap Sipper
Pineco,Sturdy,,Overcoat
Forretress,Sturdy,,Overcoat
Dunsparce,Serene Grace,Run Away,Rattled
"Dudunsparce
Two-Segment Form",Serene Grace,Run Away,Rattled
"Dudunsparce
Three-Segment Form",Serene Grace,Run Away,Rattled
Gligar,Hyper Cutter,Sand Veil,Immunity
Gliscor,Hyper Cutter,Sand Veil,Poison Heal
Snubbull,Intimidate,Run Away,Rattled
Granbull,Intimidate,Quick Feet,Rattled
Qwilfish,Poison Point,Swift Swim,Intimidate
"Qwilfish
Hisuian Qwilfish",Poison Point,Swift Swim,Intimidate
Overqwil,Poison Point,Swift Swim,Intimidate
Shuckle,Sturdy,GluttonyGen IV+,Contrary
Heracross,Swarm,Guts,Moxie
"Heracross
Mega Heracross",Skill Link,,
Sneasel,Inner Focus,Keen Eye,Pickpocket
"Sneasel*
Hisuian Sneasel",Inner Focus,Keen Eye,
Weavile,Pressure,,Pickpocket
Sneasler,Pressure,,Poison Touch
Teddiursa,Pickup,Quick Feet,Honey Gather
Ursaring,Guts,Quick Feet,Unnerve
Ursaluna,Guts,Bulletproof,Unnerve
"Ursaluna
Bloodmoon",Mind's Eye,,
Slugma,Magma Armor,Flame Body,Weak Armor
Magcargo,Magma Armor,Flame Body,Weak Armor
Swinub,Oblivious,Snow Cloak,Thick Fat
Piloswine,Oblivious,Snow Cloak,Thick Fat
Mamoswine,Oblivious,Snow Cloak,Thick Fat
Corsola,Hustle,Natural Cure,Regenerator
"Corsola
Galarian Corsola",Weak Armor,,Cursed Body
Cursola,Weak Armor,,Perish Body
Remoraid,Hustle,Sniper,Moody
Octillery,Suction Cups,Sniper,Moody
Delibird,Vital Spirit,Hustle,Insomnia
Mantyke,Swift Swim,Water Absorb,Water Veil
Mantine,Swift Swim,Water Absorb,Water Veil
Skarmory,Keen Eye,Sturdy,Weak Armor
Houndour,Early Bird,Flash Fire,Unnerve
Houndoom,Early Bird,Flash Fire,Unnerve
"Houndoom
Mega Houndoom",Solar Power,,
Phanpy,Pickup,,Sand Veil
Donphan,Sturdy,,Sand Veil
Stantler,Intimidate,Frisk,Sap Sipper
Wyrdeer,Intimidate,Frisk,Sap Sipper
Smeargle,Own Tempo,Technician,Moody
Miltank,Thick Fat,Scrappy,Sap Sipper
Raikou,Pressure,,Inner Focus
Entei,Pressure,,Inner Focus
Suicune,Pressure,,Inner Focus
Larvitar,Guts,,Sand Veil
Pupitar,Shed Skin,,
Tyranitar,Sand Stream,,Unnerve
"Tyranitar
Mega Tyranitar",Sand Stream,,
Lugia,Pressure,,Multiscale
Ho-Oh,Pressure,,Regenerator
Celebi,Natural Cure,,
Treecko,Overgrow,,Unburden
Grovyle,Overgrow,,Unburden
Sceptile,Overgrow,,Unburden
"Sceptile
Mega Sceptile",Lightning Rod,,
Torchic,Blaze,,Speed Boost
Combusken,Blaze,,Speed Boost
Blaziken,Blaze,,Speed Boost
"Blaziken
Mega Blaziken",Speed Boost,,
Mudkip,Torrent,,Damp
Marshtomp,Torrent,,Damp
Swampert,Torrent,,Damp
"Swampert
Mega Swampert",Swift Swim,,
Poochyena,Run Away,Quick Feet,Rattled
Mightyena,Intimidate,Quick Feet,Moxie
Zigzagoon,Pickup,Gluttony,Quick Feet
"Zigzagoon
Galarian Zigzagoon",Pickup,Gluttony,Quick Feet
Linoone,Pickup,Gluttony,Quick Feet
"Linoone
Galarian Linoone",Pickup,Gluttony,Quick Feet
Obstagoon,Reckless,Guts,Defiant
Wurmple,Shield Dust,,Run Away
Silcoon,Shed Skin,,
Beautifly,Swarm,,Rivalry
Cascoon,Shed Skin,,
Dustox,Shield Dust,,Compound Eyes
Lotad,Swift Swim,Rain Dish,Own Tempo
Lombre,Swift Swim,Rain Dish,Own Tempo
Ludicolo,Swift Swim,Rain Dish,Own Tempo
Seedot,Chlorophyll,Early Bird,Pickpocket
Nuzleaf,Chlorophyll,Early Bird,Pickpocket
Shiftry*,Chlorophyll,,Pickpocket
Taillow,Guts,,Scrappy
Swellow,Guts,,Scrappy
Wingull,Keen Eye,Hydration,Rain Dish
Pelipper,Keen Eye,Drizzle,Rain Dish
Ralts,Synchronize,Trace,Telepathy
Kirlia,Synchronize,Trace,Telepathy
Gardevoir,Synchronize,Trace,Telepathy
"Gardevoir
Mega Gardevoir",Pixilate,,
Gallade,Steadfast,,Justified
"Gallade
Mega Gallade",Inner Focus,,
Surskit,Swift Swim,,Rain Dish
Masquerain,Intimidate,,Unnerve
Shroomish,Effect Spore,Poison Heal,Quick Feet
Breloom,Effect Spore,Poison Heal,Technician
Slakoth,Truant,,
Vigoroth,Vital Spirit,,
Slaking,Truant,,
Nincada,Compound Eyes,,Run Away
Ninjask,Speed Boost,,Infiltrator
Shedinja,Wonder Guard,,
Whismur,Soundproof,,Rattled
Loudred,Soundproof,,Scrappy
Exploud,Soundproof,,Scrappy
Makuhita,Thick Fat,Guts,Sheer Force
Hariyama,Thick Fat,Guts,Sheer Force
Nosepass,Sturdy,Magnet Pull,Sand Force
Probopass,Sturdy,Magnet Pull,Sand Force
Skitty,Cute Charm,Normalize,Wonder Skin
Delcatty,Cute Charm,Normalize,Wonder Skin
Sableye,Keen Eye,Stall,Prankster
"Sableye
Mega Sableye",Magic Bounce,,
Mawile,Hyper Cutter,Intimidate,Sheer Force
"Mawile
Mega Mawile",Huge Power,,
Aron,Sturdy,Rock Head,Heavy Metal
Lairon,Sturdy,Rock Head,Heavy Metal
Aggron,Sturdy,Rock Head,Heavy Metal
"Aggron
Mega Aggron",Filter,,
Meditite,Pure Power,,Telepathy
Medicham,Pure Power,,Telepathy
"Medicham
Mega Medicham",Pure Power,,
Electrike,Static,Lightning Rod,Minus
Manectric,Static,Lightning Rod,Minus
"Manectric
Mega Manectric",Intimidate,,
Plusle,Plus,,Lightning Rod
Minun,Minus,,Volt Absorb
Volbeat,Illuminate,Swarm,Prankster
Illumise,Oblivious,Tinted Lens,Prankster
Budew,Natural Cure,Poison Point,Leaf Guard
Roselia,Natural Cure,Poison Point,Leaf Guard
Roserade,Natural Cure,Poison Point,Technician
Gulpin,Liquid Ooze,Sticky Hold,Gluttony
Swalot,Liquid Ooze,Sticky Hold,Gluttony
Carvanha,Rough Skin,,Speed Boost
Sharpedo,Rough Skin,,Speed Boost
"Sharpedo
Mega Sharpedo",Strong Jaw,,
Wailmer,Water Veil,Oblivious,Pressure
Wailord,Water Veil,Oblivious,Pressure
Numel,Oblivious,Simple,Own Tempo
Camerupt,Magma Armor,Solid Rock,Anger Point
"Camerupt
Mega Camerupt",Sheer Force,,
Torkoal,White Smoke,Drought,Shell Armor
Spoink,Thick Fat,Own Tempo,Gluttony
Grumpig,Thick Fat,Own Tempo,Gluttony
Spinda,Own Tempo,Tangled Feet,Contrary
Trapinch,Hyper Cutter,Arena Trap,Sheer Force
Vibrava,Levitate,,
Flygon,Levitate,,
Cacnea,Sand Veil,,Water Absorb
Cacturne,Sand Veil,,Water Absorb
Swablu,Natural Cure,,Cloud Nine
Altaria,Natural Cure,,Cloud Nine
"Altaria
Mega Altaria",Pixilate,,
Zangoose,Immunity,,Toxic Boost
Seviper,Shed Skin,,Infiltrator
Lunatone,Levitate,,
Solrock,Levitate,,
Barboach,Oblivious,Anticipation,Hydration
Whiscash,Oblivious,Anticipation,Hydration
Corphish,Hyper Cutter,Shell Armor,Adaptability
Crawdaunt,Hyper Cutter,Shell Armor,Adaptability
Baltoy,Levitate,,
Claydol,Levitate,,
Lileep,Suction Cups,,Storm Drain
Cradily,Suction Cups,,Storm Drain
Anorith,Battle Armor,,Swift Swim
Armaldo,Battle Armor,,Swift Swim
Feebas,Swift Swim,Oblivious,Adaptability
Milotic,Marvel Scale,Competitive,Cute Charm
Castform,Forecast,,
"Castform
Sunny Form",Forecast,,
"Castform
Rainy Form",Forecast,,
"Castform
Snowy Form",Forecast,,
Kecleon,Color Change,,ProteanGen VI+
Shuppet,Insomnia,Frisk,Cursed Body
Banette,Insomnia,Frisk,Cursed Body
"Banette
Mega Banette",Prankster,,
Duskull,Levitate,,Frisk
Dusclops,Pressure,,Frisk
Dusknoir,Pressure,,Frisk
Tropius,Chlorophyll,Solar Power,Harvest
Chingling,Levitate,,
Chimecho,Levitate,,
Absol,Pressure,Super Luck,Justified
"Absol
Mega Absol",Magic Bounce,,
Snorunt,Inner Focus,Ice Body,Moody
Glalie,Inner Focus,Ice Body,Moody
"Glalie
Mega Glalie",Refrigerate,,
Froslass,Snow Cloak,,Cursed Body
Spheal,Thick Fat,Ice Body,Oblivious
Sealeo,Thick Fat,Ice Body,Oblivious
Walrein,Thick Fat,Ice Body,Oblivious
Clamperl,Shell Armor,,Rattled
Huntail,Swift Swim,,Water Veil
Gorebyss,Swift Swim,,Hydration
Relicanth,Swift Swim,Rock Head,Sturdy
Luvdisc,Swift Swim,,Hydration
Bagon,Rock Head,,Sheer Force
Shelgon,Rock Head,,Overcoat
Salamence,Intimidate,,Moxie
"Salamence
Mega Salamence",Aerilate,,
Beldum,Clear Body,,Light Metal
Metang,Clear Body,,Light Metal
Metagross,Clear Body,,Light Metal
"Metagross
Mega Metagross",Tough Claws,,
Regirock,Clear Body,,Sturdy
Regice,Clear Body,,Ice Body
Registeel,Clear Body,,Light Metal
Latias,Levitate,,
"Latias
Mega Latias",Levitate,,
Latios,Levitate,,
"Latios
Mega Latios",Levitate,,
Kyogre,Drizzle,,
"Kyogre
Primal Kyogre",Primordial Sea,,
Groudon,Drought,,
"Groudon
Primal Groudon",Desolate Land,,
Rayquaza,Air Lock,,
"Rayquaza
Mega Rayquaza",Delta Stream,,
Jirachi,Serene Grace,,
Deoxys,Pressure,,
Turtwig,Overgrow,,Shell Armor
Grotle,Overgrow,,Shell Armor
Torterra,Overgrow,,Shell Armor
Chimchar,Blaze,,Iron Fist
Monferno,Blaze,,Iron Fist
Infernape,Blaze,,Iron Fist
Piplup*,Torrent,,
Prinplup*,Torrent,,
Empoleon*,Torrent,,
Starly,Keen Eye,,Reckless
Staravia,Intimidate,,Reckless
Staraptor,Intimidate,,Reckless
Bidoof,Simple,Unaware,Moody
Bibarel,Simple,Unaware,Moody
Kricketot,Shed Skin,,Run Away
Kricketune,Swarm,,Technician
Shinx,Rivalry,Intimidate,Guts
Luxio,Rivalry,Intimidate,Guts
Luxray,Rivalry,Intimidate,Guts
Cranidos,Mold Breaker,,Sheer Force
Rampardos,Mold Breaker,,Sheer Force
Shieldon,Sturdy,,Soundproof
Bastiodon,Sturdy,,Soundproof
"Burmy
Plant Cloak",Shed Skin,,Overcoat
"Burmy
Sandy Cloak",Shed Skin,,Overcoat
"Burmy
Trash Cloak",Shed Skin,,Overcoat
"Wormadam
Plant Cloak",Anticipation,,Overcoat
"Wormadam
Sandy Cloak",Anticipation,,Overcoat
"Wormadam
Trash Cloak",Anticipation,,Overcoat
Mothim,Swarm,,Tinted Lens
Combee,Honey Gather,,Hustle
Vespiquen,Pressure,,Unnerve
Pachirisu,Run Away,Pickup,Volt Absorb
Buizel,Swift Swim,,Water Veil
Floatzel,Swift Swim,,Water Veil
Cherubi,Chlorophyll,,
Cherrim,Flower Gift,,
Shellos,Sticky Hold,Storm Drain,Sand Force
Gastrodon,Sticky Hold,Storm Drain,Sand Force
Drifloon,Aftermath,Unburden,Flare Boost
Drifblim,Aftermath,Unburden,Flare Boost
Buneary,Run Away,Klutz,Limber
Lopunny,Cute Charm,Klutz,Limber
"Lopunny
Mega Lopunny",Scrappy,,
Glameow,Limber,Own Tempo,Keen Eye
Purugly,Thick Fat,Own Tempo,Defiant
Stunky,Stench,Aftermath,Keen Eye
Skuntank,Stench,Aftermath,Keen Eye
Bronzor,Levitate,Heatproof,Heavy Metal
Bronzong,Levitate,Heatproof,Heavy Metal
Chatot,Keen Eye,Tangled Feet,Big Pecks
Spiritomb,Pressure,,Infiltrator
Gible,Sand Veil,,Rough Skin
Gabite,Sand Veil,,Rough Skin
Garchomp,Sand Veil,,Rough Skin
"Garchomp
Mega Garchomp",Sand Force,,
Riolu,Steadfast,Inner Focus,Prankster
Lucario,Steadfast,Inner Focus,Justified
"Lucario
Mega Lucario",Adaptability,,
Hippopotas,Sand Stream,,Sand Force
Hippowdon,Sand Stream,,Sand Force
Skorupi,Battle Armor,Sniper,Keen Eye
Drapion,Battle Armor,Sniper,Keen Eye
Croagunk,Anticipation,Dry Skin,Poison Touch
Toxicroak,Anticipation,Dry Skin,Poison Touch
Carnivine,Levitate,,
Finneon,Swift Swim,Storm Drain,Water Veil
Lumineon,Swift Swim,Storm Drain,Water Veil
Snover,Snow Warning,,Soundproof
Abomasnow,Snow Warning,,Soundproof
"Abomasnow
Mega Abomasnow",Snow Warning,,
Rotom,Levitate,,
"Rotom
Heat Rotom",Levitate,,
"Rotom
Wash Rotom",Levitate,,
"Rotom
Frost Rotom",Levitate,,
"Rotom
Fan Rotom",Levitate,,
"Rotom
Mow Rotom",Levitate,,
Uxie,Levitate,,
Mesprit,Levitate,,
Azelf,Levitate,,
Dialga,Pressure,,Telepathy
"Dialga
Origin Forme",Pressure,,Telepathy
Palkia,Pressure,,Telepathy
"Palkia
Origin Forme",Pressure,,Telepathy
Heatran,Flash Fire,,Flame Body
Regigigas,Slow Start,,
"Giratina
Altered Forme",Pressure,,Telepathy
"Giratina
Origin Forme",Levitate,,
Cresselia,Levitate,,
Phione,Hydration,,
Manaphy,Hydration,,
Darkrai,Bad Dreams,,
"Shaymin
Land Forme",Natural Cure,,
"Shaymin
Sky Forme",Serene Grace,,
Arceus,Multitype,,
Victini,Victory Star,,
Snivy,Overgrow,,Contrary
Servine,Overgrow,,Contrary
Serperior,Overgrow,,Contrary
Tepig,Blaze,,Thick Fat
Pignite,Blaze,,Thick Fat
Emboar,Blaze,,Reckless
Oshawott,Torrent,,Shell Armor
Dewott,Torrent,,Shell Armor
Samurott,Torrent,,Shell Armor
"Samurott*
Hisuian Samurott",Torrent,,
Patrat,Run Away,Keen Eye,Analytic
Watchog,Illuminate,Keen Eye,Analytic
Lillipup,Vital Spirit,Pickup,Run Away
Herdier,Intimidate,Sand Rush,Scrappy
Stoutland,Intimidate,Sand Rush,Scrappy
Purrloin,Limber,Unburden,Prankster
Liepard,Limber,Unburden,Prankster
Pansage,Gluttony,,Overgrow
Simisage,Gluttony,,Overgrow
Pansear,Gluttony,,Blaze
Simisear,Gluttony,,Blaze
Panpour,Gluttony,,Torrent
Simipour,Gluttony,,Torrent
Munna,Forewarn,Synchronize,Telepathy
Musharna,Forewarn,Synchronize,Telepathy
Pidove,Big Pecks,Super Luck,Rivalry
Tranquill,Big Pecks,Super Luck,Rivalry
Unfezant,Big Pecks,Super Luck,Rivalry
Blitzle,Lightning Rod,Motor Drive,Sap Sipper
Zebstrika,Lightning Rod,Motor Drive,Sap Sipper
Roggenrola,Sturdy,Weak Armor,Sand Force
Boldore,Sturdy,Weak Armor,Sand Force
Gigalith,Sturdy,Sand Stream,Sand Force
Woobat,Unaware,Klutz,Simple
Swoobat,Unaware,Klutz,Simple
Drilbur,Sand Rush,Sand Force,Mold Breaker
Excadrill,Sand Rush,Sand Force,Mold Breaker
Audino,Healer,Regenerator,Klutz
"Audino
Mega Audino",Healer,,
Timburr,Guts,Sheer Force,Iron Fist
Gurdurr,Guts,Sheer Force,Iron Fist
Conkeldurr,Guts,Sheer Force,Iron Fist
Tympole,Swift Swim,Hydration,Water Absorb
Palpitoad,Swift Swim,Hydration,Water Absorb
Seismitoad,Swift Swim,Poison Touch,Water Absorb
Throh,Guts,Inner Focus,Mold Breaker
Sawk,Sturdy,Inner Focus,Mold Breaker
Sewaddle,Swarm,Chlorophyll,Overcoat
Swadloon,Leaf Guard,Chlorophyll,Overcoat
Leavanny,Swarm,Chlorophyll,Overcoat
Venipede*,Poison Point,Swarm,Speed Boost
Whirlipede*,Poison Point,Swarm,Speed Boost
Scolipede*,Poison Point,Swarm,Speed Boost
Cottonee,Prankster,Infiltrator,Chlorophyll
Whimsicott,Prankster,Infiltrator,Chlorophyll
Petilil,Chlorophyll,Own Tempo,Leaf Guard
Lilligant,Chlorophyll,Own Tempo,Leaf Guard
"Lilligant
Hisuian Lilligant",Chlorophyll,Hustle,Leaf Guard
"Basculin
Red-Striped Form",Reckless,Adaptability,Mold Breaker
"Basculin*
Blue-Striped Form",Rock Head,Adaptability,Mold Breaker
"Basculin
White-Striped Form",Rattled,Adaptability,Mold Breaker
Basculegion*,,Adaptability,Mold Breaker
Sandile,Intimidate,Moxie,Anger Point
Krokorok,Intimidate,Moxie,Anger Point
Krookodile,Intimidate,Moxie,Anger Point
Darumaka,Hustle,,Inner Focus
"Darumaka
Galarian Darumaka",Hustle,,Inner Focus
Darmanitan,Sheer Force,,Zen Mode
"Darmanitan
Zen Mode",Zen Mode,,
"Darmanitan
Galarian Form
Standard Mode",Gorilla Tactics,,Zen Mode
"Darmanitan
Galarian Form
Zen Mode",Zen Mode,,
Maractus,Water Absorb,Chlorophyll,Storm Drain
Dwebble,Sturdy,Shell Armor,Weak Armor
Crustle,Sturdy,Shell Armor,Weak Armor
Scraggy,Shed Skin,Moxie,Intimidate
Scrafty,Shed Skin,Moxie,Intimidate
Sigilyph,Wonder Skin,Magic Guard,Tinted Lens
Yamask,Mummy,,
"Yamask
Galarian Yamask",Wandering Spirit,,
Cofagrigus,Mummy,,
Runerigus,Wandering Spirit,,
Tirtouga,Solid Rock,Sturdy,Swift Swim
Carracosta,Solid Rock,Sturdy,Swift Swim
Archen,Defeatist,,
Archeops,Defeatist,,
Trubbish,Stench,Sticky Hold,Aftermath
Garbodor,Stench,Weak Armor,Aftermath
Zorua,Illusion,,
"Zorua
Hisuian Zorua",Illusion,,
Zoroark,Illusion,,
"Zoroark
Hisuian Zoroark",Illusion,,
Minccino,Cute Charm,Technician,Skill Link
Cinccino,Cute Charm,Technician,Skill Link
Gothita,Frisk,Competitive,Shadow Tag
Gothorita,Frisk,Competitive,Shadow Tag
Gothitelle,Frisk,Competitive,Shadow Tag
Solosis,Overcoat,Magic Guard,Regenerator
Duosion,Overcoat,Magic Guard,Regenerator
Reuniclus,Overcoat,Magic Guard,Regenerator
Ducklett,Keen Eye,Big Pecks,Hydration
Swanna,Keen Eye,Big Pecks,Hydration
Vanillite,Ice Body,Snow Cloak,Weak Armor
Vanillish,Ice Body,Snow Cloak,Weak Armor
Vanilluxe,Ice Body,Snow Warning,Weak Armor
Deerling,Chlorophyll,Sap Sipper,Serene Grace
Sawsbuck,Chlorophyll,Sap Sipper,Serene Grace
Emolga,Static,,Motor Drive
Karrablast,Swarm,Shed Skin,No Guard
Escavalier,Swarm,Shell Armor,Overcoat
Foongus,Effect Spore,,Regenerator
Amoonguss,Effect Spore,,Regenerator
Frillish,Water Absorb,Cursed Body,Damp
Jellicent,Water Absorb,Cursed Body,Damp
Alomomola,Healer,Hydration,Regenerator
Joltik,Compound Eyes,Unnerve,Swarm
Galvantula,Compound Eyes,Unnerve,Swarm
Ferroseed,Iron Barbs,,
Ferrothorn,Iron Barbs,,Anticipation
Klink,Plus,Minus,Clear Body
Klang,Plus,Minus,Clear Body
Klinklang,Plus,Minus,Clear Body
Tynamo,Levitate,,
Eelektrik,Levitate,,
Eelektross,Levitate,,
Elgyem,Telepathy,Synchronize,Analytic
Beheeyem,Telepathy,Synchronize,Analytic
Litwick,Flash Fire,Flame Body,Infiltrator
Lampent,Flash Fire,Flame Body,Infiltrator
Chandelure,Flash Fire,Flame Body,Infiltrator
Axew,Rivalry,Mold Breaker,Unnerve
Fraxure,Rivalry,Mold Breaker,Unnerve
Haxorus,Rivalry,Mold Breaker,Unnerve
Cubchoo,Snow Cloak,Slush Rush,Rattled
Beartic,Snow Cloak,Slush Rush,Swift Swim
Cryogonal,Levitate,,
Shelmet,Hydration,Shell Armor,Overcoat
Accelgor,Hydration,Sticky Hold,Unburden
Stunfisk,Static,Limber,Sand Veil
"Stunfisk
Galarian Stunfisk",Mimicry,,
Mienfoo,Inner Focus,Regenerator,Reckless
Mienshao,Inner Focus,Regenerator,Reckless
Druddigon,Rough Skin,Sheer Force,Mold Breaker
Golett,Iron Fist,Klutz,No Guard
Golurk,Iron Fist,Klutz,No Guard
Pawniard,Defiant,Inner Focus,Pressure
Bisharp,Defiant,Inner Focus,Pressure
Kingambit,Defiant,Supreme Overlord,Pressure
Bouffalant,Reckless,Sap Sipper,Soundproof
Rufflet,Keen Eye,Sheer Force,Hustle
Braviary,Keen Eye,Sheer Force,Defiant
"Braviary*
Hisuian Braviary",Keen Eye,Sheer Force,
Vullaby,Big Pecks,Overcoat,Weak Armor
Mandibuzz,Big Pecks,Overcoat,Weak Armor
Heatmor,Gluttony,Flash Fire,White Smoke
Durant,Swarm,Hustle,Truant
Deino,Hustle,,
Zweilous,Hustle,,
Hydreigon,Levitate,,
Larvesta,Flame Body,,Swarm
Volcarona,Flame Body,,Swarm
Cobalion,Justified,,
Terrakion,Justified,,
Virizion,Justified,,
Tornadus,Prankster,,Defiant
Thundurus,Volt Absorb,,
Reshiram,Turboblaze,,
Zekrom,Teravolt,,
"Landorus
Incarnate Forme",Sand Force,,Sheer Force
"Landorus
Therian Forme",Intimidate,,
Kyurem,Pressure,,
"Kyurem
White Kyurem",Turboblaze,,
"Kyurem
Black Kyurem",Teravolt,,
"Keldeo
Ordinary Form",Justified,,
"Keldeo
Resolute Form",Justified,,
"Meloetta
Aria Forme",Serene Grace,,
"Meloetta
Pirouette Forme",Serene Grace,,
Genesect,Download,,
Chespin,Overgrow,,Bulletproof
Quilladin,Overgrow,,Bulletproof
Chesnaught,Overgrow,,Bulletproof
Fennekin,Blaze,,Magician
Braixen,Blaze,,Magician
Delphox,Blaze,,Magician
Froakie,Torrent,,Protean
Frogadier,Torrent,,Protean
Greninja,Torrent,,Protean
"Greninja
Battle Bond",Battle Bond,,
"Greninja
Ash-Greninja",Battle Bond,,
Bunnelby,Pickup,Cheek Pouch,Huge Power
Diggersby,Pickup,Cheek Pouch,Huge Power
Fletchling,Big Pecks,,Gale Wings
Fletchinder,Flame Body,,Gale Wings
Talonflame,Flame Body,,Gale Wings
Scatterbug,Shield Dust,Compound Eyes,Friend Guard
Spewpa,Shed Skin,,Friend Guard
Vivillon,Shield Dust,Compound Eyes,Friend Guard
Litleo,Rivalry,Unnerve,Moxie
Pyroar,Rivalry,Unnerve,Moxie
Flabébé,Flower Veil,,Symbiosis
Floette,Flower Veil,,Symbiosis
"Floette
Eternal Flower",Flower Veil,,
Florges,Flower Veil,,Symbiosis
Skiddo,Sap Sipper,,Grass Pelt
Gogoat,Sap Sipper,,Grass Pelt
Pancham,Iron Fist,Mold Breaker,Scrappy
Pangoro,Iron Fist,Mold Breaker,Scrappy
Furfrou,Fur Coat,,
Espurr,Keen Eye,Infiltrator,Own Tempo
"Meowstic
Male",Keen Eye,Infiltrator,Prankster
"Meowstic
Female",Keen Eye,Infiltrator,Competitive
Honedge,No Guard,,
Doublade,No Guard,,
"Aegislash
Shield Forme",Stance Change,,
"Aegislash
Blade Forme",Stance Change,,
Spritzee,Healer,,Aroma Veil
Aromatisse,Healer,,Aroma Veil
Swirlix,Sweet Veil,,Unburden
Slurpuff,Sweet Veil,,Unburden
Inkay,Contrary,Suction Cups,Infiltrator
Malamar,Contrary,Suction Cups,Infiltrator
Binacle,Tough Claws,Sniper,Pickpocket
Barbaracle,Tough Claws,Sniper,Pickpocket
Skrelp,Poison Point,Poison Touch,Adaptability
Dragalge,Poison Point,Poison Touch,Adaptability
Clauncher,Mega Launcher,,
Clawitzer,Mega Launcher,,
Helioptile,Dry Skin,Sand Veil,Solar Power
Heliolisk,Dry Skin,Sand Veil,Solar Power
Tyrunt,Strong Jaw,,Sturdy
Tyrantrum,Strong Jaw,,Rock Head
Amaura,Refrigerate,,Snow Warning
Aurorus,Refrigerate,,Snow Warning
Hawlucha,Limber,Unburden,Mold Breaker
Dedenne,Cheek Pouch,Pickup,Plus
Carbink,Clear Body,,Sturdy
Goomy,Sap Sipper,Hydration,Gooey
Sliggoo,Sap Sipper,Hydration,Gooey
"Sliggoo*
Hisuian Sliggoo",Sap Sipper,,Gooey
Goodra,Sap Sipper,Hydration,Gooey
"Goodra*
Hisuian Goodra",Sap Sipper,,Gooey
Klefki,Prankster,,Magician
Phantump,Natural Cure,Frisk,Harvest
Trevenant,Natural Cure,Frisk,Harvest
Pumpkaboo,Pickup,Frisk,Insomnia
Gourgeist,Pickup,Frisk,Insomnia
Bergmite,Own Tempo,Ice Body,Sturdy
Avalugg,Own Tempo,Ice Body,Sturdy
"Avalugg
Hisuian Avalugg",Strong Jaw,Ice Body,Sturdy
Noibat,Frisk,Infiltrator,Telepathy
Noivern,Frisk,Infiltrator,Telepathy
Xerneas,Fairy Aura,,
Yveltal,Dark Aura,,
Zygarde,Aura Break,Power Construct,
Diancie,Clear Body,,
"Diancie
Mega Diancie",Magic Bounce,,
"Hoopa
Confined",Magician,,
"Hoopa
Unbound",Magician,,
Volcanion,Water Absorb,,
Rowlet,Overgrow,,Long Reach
Dartrix,Overgrow,,Long Reach
Decidueye,Overgrow,,Long Reach
"Decidueye*
Hisuian Decidueye",Overgrow,,
Litten,Blaze,,Intimidate
Torracat,Blaze,,Intimidate
Incineroar,Blaze,,Intimidate
Popplio,Torrent,,Liquid Voice
Brionne,Torrent,,Liquid Voice
Primarina,Torrent,,Liquid Voice
Pikipek,Keen Eye,Skill Link,Pickup
Trumbeak,Keen Eye,Skill Link,Pickup
Toucannon,Keen Eye,Skill Link,Sheer Force
Yungoos,Stakeout,Strong Jaw,Adaptability
Gumshoos,Stakeout,Strong Jaw,Adaptability
Grubbin,Swarm,,
Charjabug,Battery,,
Vikavolt,Levitate,,
Crabrawler,Hyper Cutter,Iron Fist,Anger Point
Crabominable,Hyper Cutter,Iron Fist,Anger Point
Oricorio,Dancer,,
Cutiefly,Honey Gather,Shield Dust,Sweet Veil
Ribombee,Honey Gather,Shield Dust,Sweet Veil
Rockruff,Keen Eye,Vital Spirit,Steadfast
"Rockruff
Own Tempo",Own Tempo,,
Lycanroc,Keen Eye,Sand Rush,Steadfast
Wishiwashi,Schooling,,
Mareanie,Merciless,Limber,Regenerator
Toxapex,Merciless,Limber,Regenerator
Mudbray,Own Tempo,Stamina,Inner Focus
Mudsdale,Own Tempo,Stamina,Inner Focus
Dewpider,Water Bubble,,Water Absorb
Araquanid,Water Bubble,,Water Absorb
Fomantis,Leaf Guard,,Contrary
Lurantis,Leaf Guard,,Contrary
Morelull,Illuminate,Effect Spore,Rain Dish
Shiinotic,Illuminate,Effect Spore,Rain Dish
Salandit,Corrosion,,Oblivious
Salazzle,Corrosion,,Oblivious
Stufful,Fluffy,Klutz,Cute Charm
Bewear,Fluffy,Klutz,Unnerve
Bounsweet,Leaf Guard,Oblivious,Sweet Veil
Steenee,Leaf Guard,Oblivious,Sweet Veil
Tsareena,Leaf Guard,Queenly Majesty,Sweet Veil
Comfey,Flower Veil,Triage,Natural Cure
Oranguru,Inner Focus,Telepathy,Symbiosis
Passimian,Receiver,,Defiant
Wimpod,Wimp Out,,
Golisopod,Emergency Exit,,
Sandygast,Water Compaction,,Sand Veil
Palossand,Water Compaction,,Sand Veil
Pyukumuku,Innards Out,,Unaware
Type: Null,Battle Armor,,
Silvally,RKS System,,
"Minior
Meteor Form",Shields Down,,
"Minior
Core Form",Shields Down,,
Komala,Comatose,,
Turtonator,Shell Armor,,
"Togedemaru
Sturdy",Iron Barbs,Lightning Rod,
Mimikyu,Disguise,,
Bruxish,Dazzling,Strong Jaw,Wonder Skin
Drampa,Berserk,Sap Sipper,Cloud Nine
Dhelmise,Steelworker,,
Jangmo-o,Bulletproof,Soundproof,Overcoat
Hakamo-o,Bulletproof,Soundproof,Overcoat
Kommo-o,Bulletproof,Soundproof,Overcoat
Tapu Koko,Electric Surge,,Telepathy
Tapu Lele,Psychic Surge,,Telepathy
Tapu Bulu,Grassy Surge,,Telepathy
Tapu Fini,Misty Surge,,Telepathy
Cosmog,Unaware,,
Cosmoem,Sturdy,,
Solgaleo,Full Metal Body,,
Lunala,Shadow Shield,,
Nihilego,Beast Boost,,
Buzzwole,Beast Boost,,
Pheromosa,Beast Boost,,
Xurkitree,Beast Boost,,
Celesteela,Beast Boost,,
Kartana,Beast Boost,,
Guzzlord,Beast Boost,,
Necrozma,Prism Armor,,
"Necrozma
Dusk Mane",Prism Armor,,
"Necrozma
Dawn Wings",Prism Armor,,
"Necrozma
Ultra Necrozma",Neuroforce,,
Magearna,Soul-Heart,,
Marshadow,Technician,,
Poipole,Beast Boost,,
Naganadel,Beast Boost,,
Stakataka,Beast Boost,,
Blacephalon,Beast Boost,,
Zeraora,Volt Absorb,,
Meltan,Magnet Pull,,
Melmetal,Iron Fist,,